<?xml version="1.0" encoding="UTF-8"?>
<!DOCTYPE FreeMedForms>

<DataPack_Pack>

  <PackDescription>
    <!-- Non translatable values -->
    <authors>Eric Maeker, MD</authors>
    <version>0.6.0</version>
    <fmfv>0.6.2</fmfv>
    <fdv>0.6.4</fdv>
    <cdate>2011-11-26</cdate>
    <lmdate>2011-11-26</lmdate>
    <icon>__theme__/freediams.png</icon>
    <weblink></weblink>
    <bibliography/>
    <file>master.zip</file>
    <size>17038466</size>
    <md5>ccca9102017e991cd0ce12e5d20394b2</md5>
    <sha1></sha1>

    <!-- Translatable values -->
    <licence>GPLv3</licence>
    <label lang="fr">Base de données thérapeutique</label>
    <label lang="xx">Pharmaceutical drug database</label>
    <description lang="fr">Données par défaut pour FreeMedForms (base de données thérapeutique)</description>
    <description lang="xx">Default data for FreeMedForms (pharmaceutical drug database)</description>

    <htmldescription lang="fr">&lt;p>
      FreeMedForms est proposé avec un set complet de bases de données thérapeutiques. Grâce à
      ses bases thérapeutiques, vous pouvez éditer des ordonnances complexes, noter les allergies et
      intolérances médicamenteuses dans les dossier médicaux. L'installation de ses bases thérapeutiques
      vous permettra aussi de rechercher des interactions médicamenteuses au sein de vos prescriptions.&lt;br />
      &lt;br />
      Les bases thérapeutiques par défaut sont contenues dans ce paquet.&lt;br />
      &lt;br />
      Les bases pour les pays suivants sont présentes dans leur intégralité :&lt;br />
      &nbsp;* France (source AFSSAPS)&lt;br />
      &nbsp;* USA (source FDA)&lt;br />
      &nbsp;* Canada (source www.sc-hc.gc.ca)&lt;br />
      &nbsp;* Belgique (source AFMPS)&lt;br />
      &lt;br />
      Les bases pour les pays suivants sont lacunaires :&lt;br />
      &nbsp;*&nbsp;&nbsp;Afrique du Sud (source SAEPI)&lt;br />
      &lt;br />
      &lt;br />
      Les données permettant le &lt;b>calcul des interactions médicamenteuses&lt;/b> sont
      elles aussi inclues et sont soumises à des restrictions de license.
      &lt;br />
      &lt;br />&lt;/p>
    </htmldescription>


    <htmldescription lang="xx">&lt;p>
      FreeMedForms can use a complete set of pharmaceutical drug database.
      Using this, FreeMedForms can edit complex prescription, manage drug allergies and intolerances in the
      medical record.  The installation of base will also allow you to search for drug interactions
      among your prescriptions.&lt;br />
      &lt;br />
      All default drug database are included in this package.&lt;br />
      &lt;br />
      The drug database are included for the following countries in their entirety:&lt;br />
      &nbsp;* France (source AFSSAPS)&lt;br />
      &nbsp;* USA (source FDA)&lt;br />
      &nbsp;* Canada (source www.sc-hc.gc.ca)&lt;br />
      &nbsp;* Belgium (source AFMPS)&lt;br />
      &lt;br />
      The following are not complete: &lt;br />
      &nbsp;*&nbsp;&nbsp;South Africa (source SAEPI)&lt;br />
      &lt;br />
      &lt;br />
      The data used for the drug interactions computation of are also included and are subject
      to licensing restrictions.
      &lt;br />
      &lt;br />&lt;/p>
    </htmldescription>

    <updateinfo>
      <updateversion from="0.6.0">
        <text lang="fr">Première mise à disposition.</text>
        <text lang="en">First release.</text>
      </updateversion>
    </updateinfo>

  </PackDescription>

  <PackDependencies>
    <Dependency t="depends" n="icd10" v="0.6.2" u="icd10" />
  </PackDependencies>

</DataPack_Pack>
